,Daily_Return,Beta,Annual_Volatility,Security,GICS Sector
A,-1.577049932596568e-06,1.0248005491882786,0.29625896809227653,Agilent Technologies,Health Care
AAPL,0.0005911303064380064,1.210689306289137,0.2709351911169843,Apple Inc.,Information Technology
ABBV,0.0006099176713747241,0.2990978224561479,0.21995779134764984,AbbVie,Health Care
ABNB,7.360613968760487e-05,1.6662563146251141,0.4678751338978284,Airbnb,Consumer Discretionary
ABT,-0.00010574537189755547,0.6723169136190702,0.2178391522483537,Abbott Laboratories,Health Care
ACGL,0.0011646495347312185,0.5697889686750048,0.2539970394703867,Arch Capital Group,Financials
ACN,1.0631768778644184e-05,1.0942067565942986,0.27033126178018485,Accenture,Information Technology
ADBE,-2.165843214604344e-05,1.4479742795178576,0.38308278265182505,Adobe Inc.,Information Technology
ADI,0.0005141874585890403,1.3399285737706292,0.31805793834560697,Analog Devices,Information Technology
ADM,-0.00011053210144100519,0.5511999670721448,0.2940434530778922,Archer Daniels Midland,Consumer Staples
ADP,0.0004234822248577388,0.8271978830871446,0.2212125802293409,Automatic Data Processing,Industrials
ADSK,0.00031780454532890246,1.5586651097640762,0.3647118157717394,Autodesk,Information Technology
AEE,0.0002128638115576617,0.4204911260938086,0.20459643937264962,Ameren,Utilities
AEP,0.00029180915798449915,0.4252643511861479,0.21002869499622087,American Electric Power,Utilities
AES,-0.00046189736871907975,1.0158954507596654,0.35744540005122,AES Corporation,Utilities
AFL,0.0009478866379133319,0.6077793275513608,0.21400320445480653,Aflac,Financials
AIG,0.0005501144983200357,0.905680091266652,0.26846016919265503,American International Group,Financials
AIZ,0.0006164486425138271,0.5870542464475769,0.2576644080488668,Assurant,Financials
AJG,0.0008396431578168506,0.7067304358222185,0.21336867033248086,Arthur J. Gallagher & Co.,Financials
AKAM,-0.0001153668427087921,0.7862351632977633,0.2805672887264232,Akamai Technologies,Information Technology
ALB,-0.0007304874776537623,1.5255877352271,0.5349113213589168,Albemarle Corporation,Materials
ALGN,-0.0009658993072122067,1.6705279919693208,0.5204274920686686,Align Technology,Health Care
ALL,0.0008884256641477971,0.5451917678674084,0.26043308655754716,Allstate,Financials
ALLE,0.00021459011434120747,0.9835721295546184,0.2653025950749365,Allegion,Industrials
AMAT,0.0004231012857326684,1.7922120251917613,0.4291266824204707,Applied Materials,Information Technology
AMCR,-1.082104485901362e-05,0.7637375123772027,0.23989924864120504,Amcor,Materials
AMD,0.00025448316890890396,2.06474872380768,0.5241874738860685,Advanced Micro Devices,Information Technology
AME,0.0004210198865848499,0.8291262061455541,0.21642237480408041,Ametek,Industrials
AMGN,0.0004146594437152249,0.42712986014457033,0.2284459523323074,Amgen,Health Care
AMP,0.0009622252339116481,1.1837654949157537,0.28027891592025944,Ameriprise Financial,Financials
AMT,-0.000314775680695955,0.7058121115420097,0.27927135253216645,American Tower,Real Estate
AMZN,0.0006272646500942056,1.606885068407935,0.38332137569924385,Amazon,Consumer Discretionary
ANET,0.0018756940642556095,1.524891122545982,0.4317547917391169,Arista Networks,Information Technology
AON,0.00040332311335199557,0.7155113396003098,0.22702843522816207,Aon plc,Financials
AOS,-4.6598481250699695e-05,0.9244501189080921,0.27867321670004175,A. O. Smith,Industrials
APA,0.0002521877745350762,0.971848348365794,0.45460652456673356,APA Corporation,Energy
APD,0.00021604449428330345,0.729066512445237,0.27188518978663945,Air Products,Materials
APH,0.0007972854643538137,1.147425391952678,0.25342090264960865,Amphenol,Information Technology
APO,0.001459610560279083,1.4264221933430843,0.3621208573909506,Apollo Global Management,Financials
APP,0.00280197929205368,2.2619330004579874,0.7883744779749065,AppLovin,Information Technology
APTV,-0.0009912094899789088,1.496813853207838,0.4186534891103111,Aptiv,Consumer Discretionary
ARE,-0.0007332969166982174,0.9942725653974677,0.30751488798944987,Alexandria Real Estate Equities,Real Estate
ARES,0.0014415797884372182,1.4810723387124163,0.35240875814675054,Ares Management,Financials
ATO,0.0005518147791364474,0.4687206367540885,0.19317377941399433,Atmos Energy,Utilities
AVB,5.707220352972106e-05,0.7267101643539728,0.22915089027455007,AvalonBay Communities,Real Estate
AVGO,0.002100918191676217,1.5619833805872783,0.4223883921015152,Broadcom,Information Technology
AVY,3.369746831173847e-05,0.9393391802883762,0.25215973516483475,Avery Dennison,Materials
AWK,-0.0003366277276025367,0.6360697405670026,0.22994985510701896,American Water Works,Utilities
AXON,0.0021975481232815153,1.2175407614179663,0.45073840414402955,Axon Enterprise,Industrials
AXP,0.0009741069950955537,1.1213712336894475,0.2899492066330436,American Express,Financials
AZO,0.000713061114352323,0.557121451594074,0.24207092019087154,AutoZone,Consumer Discretionary
BA,5.8326519194768094e-05,1.0755508419155626,0.3694971782388874,Boeing,Industrials
BAC,0.00018891179215003935,0.9785995460132395,0.27571782953212337,Bank of America,Financials
BALL,-0.00042599543543143746,0.9086437658855687,0.33219711515703815,Ball Corporation,Materials
BAX,-0.0011708749731453466,0.5816843202231166,0.29855424351091303,Baxter International,Health Care
BBY,0.00019796517260258826,1.0745370351021886,0.356332175589,Best Buy,Consumer Discretionary
BDX,3.3525903799950484e-05,0.4911883217672221,0.20817241284603927,Becton Dickinson,Health Care
BEN,-0.00026317186392536785,1.215402666478895,0.3201925083331881,Franklin Resources,Financials
BF-B,-0.0006585143636682505,0.5896657659521939,0.25259428351579283,Brown–Forman,Consumer Staples
BG,2.1476045229640395e-05,0.5269510537140691,0.2911589195174617,Bunge Global,Consumer Staples
BIIB,-0.00039858159200311375,0.8255386059604676,0.3512140075927356,Biogen,Health Care
BK,0.0006146001901546048,0.910487462440363,0.25081245219012477,BNY Mellon,Financials
BKNG,0.0011536654666274423,1.1334487259558774,0.32246977831630924,Booking Holdings,Consumer Discretionary
BKR,0.0009893584276044047,0.7135895117498903,0.3425767215303244,Baker Hughes,Energy
BLDR,0.0011354206089824142,1.5346368634892626,0.4585671942706465,Builders FirstSource,Industrials
BLK,0.00040442330439449534,1.1989117504585107,0.2686089094542164,BlackRock,Financials
BMY,0.0001371291629479573,0.2802519814721996,0.2296488765548347,Bristol Myers Squibb,Health Care
BR,0.00047318003032971294,0.8762254290410881,0.2322474735365727,Broadridge Financial Solutions,Industrials
BRK-B,0.0006052247988126209,0.7043738346423276,0.17379274785783463,Berkshire Hathaway,Financials
BRO,0.0006708361018400876,0.8337111563719436,0.24472319108061183,Brown & Brown,Financials
BSX,0.0010626845493819062,0.6814709960362805,0.21757950603400683,Boston Scientific,Health Care
BX,0.0008764330841363763,1.707990572290632,0.40557268694938825,Blackstone Inc.,Financials
BXP,-0.00016519701739106898,1.055544698427806,0.35149511871508926,"BXP, Inc.",Real Estate
C,0.00046685090063836975,1.0144683985902934,0.28559876645447785,Citigroup,Financials
CAG,-1.1673738348304056e-05,0.27595133666222255,0.2184326229973303,Conagra Brands,Consumer Staples
CAH,0.0012929618126764,0.42077602677527776,0.2344603254613631,Cardinal Health,Health Care
CARR,0.0005949933158414819,1.156198856656895,0.3074578499920522,Carrier Global,Industrials
CASY,0.001087126779118837,0.6039870073713302,0.262403254850439,Casey's,Consumer Staples
CAT,0.0009978137939748476,0.9143523892129913,0.2954900396029555,Caterpillar Inc.,Industrials
CB,0.0006311241156136987,0.5133803028715636,0.20284699227163228,Chubb Limited,Financials
CBOE,0.0007078449294174309,0.30413912527875236,0.21637402846699286,Cboe Global Markets,Financials
CBRE,0.0004313477135350739,1.132832432864753,0.3022201119703044,CBRE Group,Real Estate
CCI,-0.0007548956823493194,0.7027641918094222,0.26975039126427397,Crown Castle,Real Estate
CCL,0.0008818873200278639,1.9626705030170293,0.5833741386793058,Carnival,Consumer Discretionary
CDNS,0.0008973810757218556,1.414492820144079,0.34827193722799565,Cadence Design Systems,Information Technology
CDW,-1.675035665471322e-05,1.041041751077926,0.2765074502812218,CDW Corporation,Information Technology
CEG,0.0026300431779463784,1.0050672650264532,0.43412544247962853,Constellation Energy,Utilities
CF,0.0006091716675352659,0.5147451849295408,0.3721709478379823,CF Industries,Materials
CFG,0.00028673601759797337,1.1519822264635553,0.3602603892967281,Citizens Financial Group,Financials
CHD,0.00016728494111675968,0.29573039988255484,0.20294558214344566,Church & Dwight,Consumer Staples
CHRW,0.0002258600507479605,0.6317134021783155,0.3047425889904381,C.H. Robinson,Industrials
CHTR,-0.0005581267568904522,0.9235477018981848,0.37895223727867194,Charter Communications,Communication Services
CI,0.00043115174147004926,0.4691446819282711,0.2712962032877074,Cigna,Health Care
CIEN,0.00043414253390848046,1.2563597685057644,0.3989975074204705,Ciena,Information Technology
CINF,0.0005704412473952232,0.7496533374986241,0.2716166992494537,Cincinnati Financial,Financials
CL,0.0002506096845651329,0.3078112123532921,0.1737131807702337,Colgate-Palmolive,Consumer Staples
CLX,0.00016594474776677657,0.3720929714899382,0.26149357167805143,Clorox,Consumer Staples
CMCSA,-0.0001523763835291346,0.7624809093912083,0.2611988690367545,Comcast,Communication Services
CME,0.000305764726030558,0.3836879647854877,0.20204788192982215,CME Group,Financials
CMG,0.0009824817215372975,1.092849408777952,0.32879706483572557,Chipotle Mexican Grill,Consumer Discretionary
CMI,0.0008488430161833041,0.8163172527155044,0.2558591308226815,Cummins,Industrials
CMS,0.0002445230019473045,0.36809348425359095,0.20011471114672758,CMS Energy,Utilities
CNC,-0.00023765918255835923,0.5096291979341634,0.29680092787145174,Centene Corporation,Health Care
CNP,0.00037749690664800955,0.506064779843447,0.21007027415142046,CenterPoint Energy,Utilities
COF,0.000571720232158136,1.2916116109284708,0.3546630383970769,Capital One,Financials
COHR,0.0010117203492947067,1.7614523562461406,0.5643306367164236,Coherent Corp.,Information Technology
COIN,0.00176813184667861,2.9609591653634406,0.9538475500092551,Coinbase,Financials
COO,-2.992680199995094e-05,0.9436413028088326,0.27786580236196107,Cooper Companies (The),Health Care
COP,0.0007538570738318518,0.5907973186840328,0.3254850365430159,ConocoPhillips,Energy
COR,0.0008199815984134523,0.3609132856363935,0.1950589947869686,Cencora,Health Care
COST,0.0008096630440950635,0.8835420716908579,0.23872852173861556,Costco,Consumer Staples
CPAY,0.0006787937106698338,1.0859628108169737,0.2940685443168739,Corpay,Financials
CPB,0.0001683157284364499,0.13366548097944683,0.22311870560495414,Campbell's Company (The),Consumer Staples
CPRT,0.0007350548568496016,1.0927403829134061,0.2679182317742846,Copart,Industrials
CPT,-0.00030263888402243624,0.7196614100265462,0.24014927082474416,Camden Property Trust,Real Estate
CRH,0.0010677973802304818,1.1397631035953601,0.30452855502531584,CRH plc,Materials
CRL,-0.0005875903251676128,1.2640030024079072,0.39399674869044504,Charles River Laboratories,Health Care
CRM,0.0006599194133138384,1.4355141526785409,0.3840662733159055,Salesforce,Information Technology
CRWD,0.0012794831201214686,1.7140235705731635,0.5272539716977549,CrowdStrike,Information Technology
CSCO,0.00014480106183967917,0.7979338281557354,0.230790988848453,Cisco,Information Technology
CSGP,0.0001050728371946922,1.1330381551713868,0.3439519924361119,CoStar Group,Real Estate
CSX,-1.9746587039251584e-05,0.8190806175398305,0.237334160536172,CSX Corporation,Industrials
CTAS,0.000867523229662978,0.9148335199585462,0.2301902383044085,Cintas,Industrials
CTRA,0.000815861647267259,0.699398391769547,0.34655547481845855,Coterra,Energy
CTSH,6.2769632691090765e-06,0.9784022277213347,0.26791510636477034,Cognizant,Information Technology
CTVA,0.0004551331862126753,0.6500894833908115,0.27900814405132457,Corteva,Materials
CVNA,0.003219470226556452,3.2940680996994947,1.341038783329175,Carvana,Consumer Discretionary
CVS,-0.0008161336870859276,0.5248966956107363,0.29540956612297486,CVS Health,Health Care
CVX,0.0005446818571030054,0.5230770607408654,0.2576933191150371,Chevron Corporation,Energy
D,-0.00020479256005777633,0.38600500631026363,0.23407353856359522,Dominion Energy,Utilities
DAL,0.0008312004874671038,1.261914522347584,0.36851329480403083,Delta Air Lines,Industrials
DASH,0.00087502870050694,2.00491822199532,0.5876445186780712,DoorDash,Consumer Discretionary
DD,0.00015836360871811288,0.9891870229098152,0.27874500967119553,DuPont,Materials
DDOG,0.0005038249907150339,1.9508667249068952,0.5917185610558077,Datadog,Information Technology
DE,0.00047542562987105887,0.7656214272391252,0.289812024374314,Deere & Company,Industrials
DECK,0.0019152606916182375,1.2795943363998754,0.4062332080323051,Deckers Brands,Consumer Discretionary
DELL,0.0014548503201558414,1.3277490652844732,0.4696062742924952,Dell Technologies,Information Technology
DG,-0.0011438237288684044,0.5258483115624113,0.37865413669296377,Dollar General,Consumer Staples
DGX,5.763219968323609e-05,0.46529454455389524,0.21344905954205937,Quest Diagnostics,Health Care
DHI,0.0006691884618242041,1.158004102023543,0.3572085686913918,D. R. Horton,Consumer Discretionary
DHR,-0.00010026937280051923,0.9624427500903476,0.2725354534070864,Danaher Corporation,Health Care
DIS,-0.0002558140264847299,1.0323736620284694,0.30274599647052086,Walt Disney Company (The),Communication Services
DLR,0.0003549087048769694,0.9776107507518181,0.3088838990836869,Digital Realty,Real Estate
DLTR,-0.0005473302288042449,0.6832756617422564,0.3805503309687773,Dollar Tree,Consumer Staples
DOC,-0.0004146681024937178,0.7811927137936454,0.2670215537096819,Healthpeak Properties,Real Estate
DOV,0.00023849189139814748,0.9716170490354162,0.24389427728048776,Dover Corporation,Industrials
DOW,-0.0001363536589283659,0.7740697932289071,0.2462316767005339,Dow Inc.,Materials
DPZ,-0.00012597418541312563,0.7668965759663543,0.30802018422076033,Domino's,Consumer Discretionary
DRI,0.0005865081035063708,0.8262266433251726,0.27183556521358454,Darden Restaurants,Consumer Discretionary
DTE,0.00022996012388438024,0.41179891144098696,0.19989046495714127,DTE Energy,Utilities
DUK,0.0002855577781353735,0.3507956176973236,0.18824662374857,Duke Energy,Utilities
DVA,0.0006324527361617414,0.5221436855863986,0.3715020781879703,DaVita,Health Care
DVN,0.00010258459422980586,0.8663409527043273,0.39691657086871446,Devon Energy,Energy
DXCM,-0.00014175669980953269,1.1939262012625445,0.5037477188445376,Dexcom,Health Care
EA,0.0002248156850484898,0.5952203258584335,0.2183951464114199,Electronic Arts,Communication Services
EBAY,0.00017005455934915388,1.076910906457021,0.3080544081552164,eBay Inc.,Consumer Discretionary
ECL,0.00020516034086399487,0.9800929630950532,0.2580628625594761,Ecolab,Materials
ED,0.00027289434518541766,0.32025680864803513,0.18937414001451994,Consolidated Edison,Utilities
EFX,9.232330429919705e-05,1.2002619856816323,0.3239312330858091,Equifax,Industrials
EG,0.0006010103252814127,0.5792624188349099,0.26663921164778165,Everest Group,Financials
EIX,0.0004831262346755998,0.5854364309771964,0.22649624857759584,Edison International,Utilities
EL,-0.0016952727460190348,1.2460953877848964,0.4223023437530305,Estée Lauder Companies (The),Consumer Staples
ELV,-0.00013324269064916408,0.5074777305647706,0.25061179626115654,Elevance Health,Health Care
EME,0.001871343757012553,0.8932584800172898,0.289157913711309,Emcor,Industrials
EMR,0.0006141793742109634,0.9329924572747995,0.25382961260954173,Emerson Electric,Industrials
EOG,0.0008175602361629121,0.6137333139664447,0.3360036610299529,EOG Resources,Energy
EPAM,-0.0005525185117069475,1.5195260164080022,0.6023634033512658,EPAM Systems,Information Technology
EQIX,0.00039934642234532703,0.9711970496184458,0.28698322827634076,Equinix,Real Estate
EQR,-6.586885312543107e-05,0.7466954563908333,0.23155403854217124,Equity Residential,Real Estate
EQT,0.0014460956019515785,0.9613588342402163,0.44019561814391,EQT Corporation,Energy
ERIE,0.0012400237991334654,0.5737955370239074,0.2834454821084589,Erie Indemnity,Financials
ES,-0.00031725315761647963,0.45553365740973856,0.23778089169848626,Eversource Energy,Utilities
ESS,-2.9174241036121335e-05,0.7683842045861449,0.24523578800052015,Essex Property Trust,Real Estate
ETN,0.0011201626833071635,1.0690128400554841,0.275215405744546,Eaton Corporation,Industrials
ETR,0.0006743703001400315,0.4394296412616469,0.23193222554930112,Entergy,Utilities
EVRG,0.00011403401707651278,0.4487182168942289,0.2027598395313214,Evergy,Utilities
EW,-0.0004415104845706474,0.9490001221901242,0.36832970169404483,Edwards Lifesciences,Health Care
EXC,0.00013469651311578292,0.45914408736022044,0.21904985174647157,Exelon,Utilities
EXE,0.0010230030101193025,0.7653197171620595,0.35576734749351574,Expand Energy,Energy
EXPD,-4.793068809976182e-05,0.8162418090200094,0.25135334798290354,Expeditors International,Industrials
EXPE,0.00040658721579401214,1.358658127916838,0.4447687862898805,Expedia Group,Consumer Discretionary
EXR,-0.00016400206363388124,0.8865886512857338,0.3056957476544311,Extra Space Storage,Real Estate
F,-0.00045103384439908206,1.3713368139057716,0.40563158319944914,Ford Motor Company,Consumer Discretionary
FANG,0.0009789063744904873,0.7137871020804941,0.3583968091532026,Diamondback Energy,Energy
FAST,0.0004216915692369397,0.8719377839299594,0.24671393215791404,Fastenal,Industrials
FCX,0.0002984906444852475,1.3469743470439106,0.42268631930658235,Freeport-McMoRan,Materials
FDS,0.00016169382202029357,0.7938358835584021,0.23946890181899042,FactSet,Financials
FDX,0.0004294673534211762,0.945469904267618,0.3410380492243402,FedEx,Industrials
FE,0.00019285747710905265,0.43178908895919016,0.19768511883322828,FirstEnergy,Utilities
FFIV,0.00021350602004749112,1.1022566669808707,0.28938956552266526,"F5, Inc.",Information Technology
FICO,0.0022668718533206157,1.2480462201359832,0.3746982315207208,Fair Isaac,Information Technology
FIS,-0.00010051241978033815,1.0143115072516475,0.3486233568480909,Fidelity National Information Services,Financials
FISV,0.0009725309820480076,0.8903202962769422,0.2383078108016412,Fiserv,Financials
FITB,0.0003167981820651404,1.1345595109507398,0.3390468357679234,Fifth Third Bancorp,Financials
FIX,0.0022637615073897504,1.2159697493827586,0.3883322047083708,Comfort Systems USA,Industrials
FOX,0.0005456287857835021,0.6855335309554017,0.2523688170705237,Fox Corporation (Class B),Communication Services
FOXA,0.0005316956761447577,0.671319108433112,0.2600891467399998,Fox Corporation (Class A),Communication Services
FRT,1.9323609491821837e-06,0.8100632507325686,0.2373958101250049,Federal Realty Investment Trust,Real Estate
FSLR,0.0014541907043624253,1.0553355411573333,0.5283668502452736,First Solar,Information Technology
FTNT,0.0008723853654652159,1.3697675302802272,0.44951048338613003,Fortinet,Information Technology
FTV,0.00016547416565530608,1.0325503215542513,0.24836036836866243,Fortive,Industrials
GD,0.0004840774988991943,0.5622103516572572,0.19961456794195742,General Dynamics,Industrials
GDDY,0.0013047330992088158,1.0515788154742132,0.29846167243883304,GoDaddy,Information Technology
GE,0.0015617546305297775,1.0273779706783812,0.30247933901299057,GE Aerospace,Industrials
GEN,0.00034252436871795415,0.7510679538563853,0.3192735848297821,Gen Digital,Information Technology
GILD,0.0005931592308080083,0.4494774098759175,0.23583316655124895,Gilead Sciences,Health Care
GIS,0.00013276425064704395,0.13324947256648192,0.1984330288571275,General Mills,Consumer Staples
GL,0.0007013356302351636,0.5940553227223548,0.41683454976916784,Globe Life,Financials
GLW,0.0005983059674757207,0.948474890803709,0.2729794213756195,Corning Inc.,Information Technology
GM,0.00011895858615981747,1.2760117422788495,0.3685439253641885,General Motors,Consumer Discretionary
GNRC,-0.0004513723869177354,1.8475703510465333,0.5545900495512087,Generac,Industrials
GOOG,0.0005795195681920764,1.3375241575525472,0.3276205688134741,Alphabet Inc. (Class C),Communication Services
GOOGL,0.000571999369134873,1.3355987150339705,0.327440689614059,Alphabet Inc. (Class A),Communication Services
GPC,3.500237504043163e-05,0.7284109570792243,0.2717455044913779,Genuine Parts Company,Consumer Discretionary
GPN,-5.2110098875692363e-05,1.1631465098274925,0.3354713714072731,Global Payments,Financials
GRMN,0.0008406967122280173,0.9128967519544485,0.29288964569554027,Garmin,Consumer Discretionary
GS,0.0007395345728438637,1.0086702583123142,0.2652641571076906,Goldman Sachs,Financials
GWW,0.0011341493079564979,0.8146125424430793,0.25439317163056446,W. W. Grainger,Industrials
HAL,0.0005468454519938508,0.8236557619103919,0.3951819320501544,Halliburton,Energy
HAS,-0.0004106746466721903,0.899028375716992,0.3293309455025513,Hasbro,Consumer Discretionary
HBAN,0.0004450288406603427,1.0413932409918232,0.3281026443128239,Huntington Bancshares,Financials
HCA,0.00044931845817536303,0.8474291816039723,0.3066627503967255,HCA Healthcare,Health Care
HD,0.00015953641482087668,0.9235394880254543,0.24904258700554643,Home Depot (The),Consumer Discretionary
HIG,0.0007904609414844388,0.6922206301630232,0.22699623580407097,Hartford (The),Financials
HII,0.00028046924143731793,0.5683528377290086,0.28511110269660905,Huntington Ingalls Industries,Industrials
HLT,0.0007844905004397938,1.0534451601325248,0.2710863949666434,Hilton Worldwide,Consumer Discretionary
HON,0.0002865680578459156,0.7714805766032645,0.20650374359277873,Honeywell,Industrials
HOOD,0.0017684602613867813,1.9848279564216902,0.6517594922190679,Robinhood Markets,Financials
HPE,0.0007214286345141007,1.1210490292586492,0.3418113001653053,Hewlett Packard Enterprise,Information Technology
HPQ,0.00015604833804843182,1.1435929480241827,0.33878253481107873,HP Inc.,Information Technology
HRL,-0.00037603174720582096,0.2366071158713997,0.23260299632749337,Hormel Foods,Consumer Staples
HSIC,-2.5727876980214722e-05,0.6037438464227017,0.2499198214540694,Henry Schein,Health Care
HST,0.0003557653359934038,1.1114551731378988,0.3091157259123129,Host Hotels & Resorts,Real Estate
HSY,2.9507212699642013e-06,0.27179482912695124,0.2129053072475973,Hershey Company (The),Consumer Staples
HUBB,0.0011844312643709814,0.9707927600804939,0.29289111314143657,Hubbell Incorporated,Industrials
HUM,-0.0005328891886706747,0.40835191506048957,0.34175975046364127,Humana,Health Care
HWM,0.0018174721250997913,1.0925740400976818,0.3060032098555176,Howmet Aerospace,Industrials
IBKR,0.0012889866928981308,0.870094215810143,0.30444118657674896,Interactive Brokers,Financials
IBM,0.0009044756548360408,0.5742062597556102,0.21317714266065677,IBM,Information Technology
ICE,0.00028967685181654633,0.7605883484218363,0.21543051627070672,Intercontinental Exchange,Financials
IDXX,-0.00033003546353246546,1.2693637030766651,0.34244354931517834,Idexx Laboratories,Health Care
IEX,2.0591906621503406e-05,0.8197877004039402,0.22646845751135003,IDEX Corporation,Industrials
IFF,-0.0004165373530272789,0.9007882854442208,0.3272475281246548,International Flavors & Fragrances,Materials
INCY,5.461490734267392e-05,0.5178184564297522,0.27185530005654196,Incyte,Health Care
INTC,-0.0008166702318125771,1.398487782319029,0.43218611036163895,Intel,Information Technology
INTU,0.00028167387470655927,1.5741649572584226,0.3632351166316887,Intuit,Information Technology
INVH,-0.0002033212490464771,0.8408545913914977,0.24799057006218325,Invitation Homes,Real Estate
IP,0.000541546163310438,0.7327368569429554,0.29362391531724846,International Paper,Materials
IQV,-0.00024801599916066146,1.1925519124441621,0.31216426263254526,IQVIA,Health Care
IR,0.0007229970011922293,1.159972542114138,0.2869743902776693,Ingersoll Rand,Industrials
IRM,0.0012756619970932866,0.9165149431847927,0.28712247444188693,Iron Mountain,Real Estate
ISRG,0.0007238859446563573,1.301603088007438,0.3405115794385899,Intuitive Surgical,Health Care
IT,0.0007041797965769302,1.1045069843845503,0.2854618841616871,Gartner,Information Technology
ITW,0.00023516971968001805,0.8231113767777867,0.21059306256362392,Illinois Tool Works,Industrials
IVZ,5.572687336145352e-05,1.4197074609844782,0.35776897397432855,Invesco,Financials
J,0.0003320604050753415,0.8724975989220605,0.24445001047583406,Jacobs Solutions,Industrials
JBHT,-1.6668526830234847e-05,0.9375356848460684,0.2921364762952236,J.B. Hunt,Industrials
JBL,0.0012353768255609389,1.2266301875817205,0.3696719878462596,Jabil,Information Technology
JCI,0.00024550239801576703,1.040718044116498,0.2816964545214991,Johnson Controls,Industrials
JKHY,0.0001888822814368344,0.6406432125347034,0.23513482911599815,Jack Henry & Associates,Financials
JNJ,-5.833446481414552e-05,0.24660976423961095,0.16375885420398756,Johnson & Johnson,Health Care
JPM,0.0007587545444200973,0.8669341315316137,0.2499128681204534,JPMorgan Chase,Financials
KDP,-1.1779050496187196e-05,0.37647679957230695,0.18868993610455592,Keurig Dr Pepper,Consumer Staples
KEY,0.00016339227280214,1.269158755160962,0.4312443934363412,KeyCorp,Financials
KEYS,-0.00011430014836757025,1.207949019303524,0.31264391605280095,Keysight Technologies,Information Technology
KHC,4.887171600767747e-05,0.24973924349128276,0.21095131535986125,Kraft Heinz,Consumer Staples
KIM,0.0002583918774358758,0.9298464799748253,0.2682407538074114,Kimco Realty,Real Estate
KKR,0.0012562262639446225,1.6535733223688482,0.381598866997785,KKR & Co.,Financials
KLAC,0.0008969253853646382,1.7582187369053293,0.4247210789493843,KLA Corporation,Information Technology
KMB,0.00010220239587269939,0.2910217602504617,0.18561365863792825,Kimberly-Clark,Consumer Staples
KMI,0.0010229290064741078,0.6030845987445959,0.21541179220682408,Kinder Morgan,Energy
KO,0.00023339750622141186,0.3892347617656691,0.15619306787253628,Coca-Cola Company (The),Consumer Staples
KR,0.0006211921896908238,0.3126639395767137,0.25781698348210014,Kroger,Consumer Staples
L,0.0005926203312997993,0.6621489512246048,0.19608579641192667,Loews Corporation,Financials
LDOS,0.0008057982029656733,0.4969956351742518,0.2539367954855013,Leidos,Industrials
LEN,0.0005618611232574463,1.1910340566328008,0.346763090658326,Lennar,Consumer Discretionary
LH,7.906285745998867e-06,0.6543345771701612,0.23450278077246375,Labcorp,Health Care
LHX,0.00019526274482488615,0.41766527006566934,0.24513604902129293,L3Harris,Industrials
LII,0.00112314644189698,1.138270681662584,0.31015876791917923,Lennox International,Industrials
LIN,0.00043438151312635387,0.8144519841894791,0.2218971620413709,Linde plc,Materials
LITE,0.00014127120785032663,1.4595056958650097,0.4813657917007286,Lumentum,Information Technology
LLY,0.001591533315405012,0.5756946980402069,0.28785573431195743,Lilly (Eli),Health Care
LMT,0.0006110293849807118,0.24386511041648112,0.20952979898201318,Lockheed Martin,Industrials
LNT,0.000183152852615045,0.4404227195434086,0.20956301942071548,Alliant Energy,Utilities
LOW,0.0001733178370797391,0.9540107846841736,0.2678894128546457,Lowe's,Consumer Discretionary
LRCX,0.00044679386729474916,1.8455846886898195,0.45122958981398564,Lam Research,Information Technology
LULU,0.000315434290953213,1.3591291630736075,0.41002815351624916,Lululemon Athletica,Consumer Discretionary
LUV,-4.4737466941447905e-05,0.9622337793717233,0.35054460667438825,Southwest Airlines,Industrials
LVS,0.0007313353515364782,1.0890957550864657,0.4070111521404168,Las Vegas Sands,Consumer Discretionary
LYB,0.00010422083986205198,0.7781214001051417,0.2605420921620487,LyondellBasell,Materials
LYV,0.0003316435416413665,1.1752639685567536,0.3496213326364106,Live Nation Entertainment,Communication Services
MA,0.0005941278807849664,0.9747120531250555,0.22996327495038693,Mastercard,Financials
MAA,-0.00025550922976609575,0.7352376789129501,0.23452528545880047,Mid-America Apartment Communities,Real Estate
MAR,0.0009022243111751097,1.0727487993310851,0.283688173090054,Marriott International,Consumer Discretionary
MAS,0.000308438006034906,1.065279210060323,0.29548477737947804,Masco,Industrials
MCD,0.0002523251837152541,0.46379878857391443,0.1735117601651129,McDonald's,Consumer Discretionary
MCHP,-0.0001793945430450166,1.6375558710998992,0.3968085275020452,Microchip Technology,Information Technology
MCK,0.0012373659678489152,0.2889211575561707,0.23386244839677572,McKesson Corporation,Health Care
MCO,0.00045208655823977936,1.107823814846747,0.26272681303823764,Moody's Corporation,Financials
MDLZ,3.319821558693906e-05,0.45667414524201544,0.18496015093209653,Mondelez International,Consumer Staples
MDT,-0.00015575000808309582,0.5893449210789687,0.21553737053643895,Medtronic,Health Care
MET,0.0005913730163964181,0.8258836010957178,0.2488616152271331,MetLife,Financials
META,0.0012124670764097239,1.724087800718939,0.48722224229762,Meta Platforms,Communication Services
MGM,-5.956742367590452e-05,1.454514304269933,0.38815347842262815,MGM Resorts,Consumer Discretionary
MKC,-0.00010638357591909058,0.39350023333512035,0.24125744947490962,McCormick & Company,Consumer Staples
MLM,0.0003912782984864596,1.0840423344981387,0.27485943878405966,Martin Marietta Materials,Materials
MMM,0.00016037009805442004,0.7837357976578081,0.2956541067202672,3M,Industrials
MNST,0.00023669643083243507,0.6938192170238004,0.24897301508533246,Monster Beverage,Consumer Staples
MO,0.0005276270301204098,0.31670224315652346,0.20261740139809079,Altria,Consumer Staples
MOS,-0.00021063356744461018,0.8897905441301952,0.4226261432639604,Mosaic Company (The),Materials
MPC,0.0013005374188208307,0.6604327759254173,0.32191433998178337,Marathon Petroleum,Energy
MPWR,0.0008623987472011711,2.1341313823469434,0.5483145310557703,Monolithic Power Systems,Information Technology
MRK,0.0005373302284959993,0.25882084192003574,0.2002632919723481,Merck & Co.,Health Care
MRNA,-0.0015818329460408915,1.4272854972738132,0.603607975793804,Moderna,Health Care
MRSH,0.0004493344578847623,0.7296227312801031,0.19335403883554705,Marsh McLennan,Financials
MS,0.0006032979892315901,1.0761084047654041,0.2822963588684103,Morgan Stanley,Financials
MSCI,0.0002606547435681501,1.2382114565657454,0.32336703546227186,MSCI Inc.,Financials
MSFT,0.0004912332913979615,1.2483287976074178,0.2757661709313839,Microsoft,Information Technology
MSI,0.0008806722828358483,0.8456541864367954,0.2295020433232789,Motorola Solutions,Information Technology
MTB,0.0005713053935311457,0.9036359939621901,0.3253358556251107,M&T Bank,Financials
MTD,-0.00020948952409883355,1.147513467273489,0.3249177104599484,Mettler Toledo,Health Care
MU,0.00026446095510698926,1.5823041318711097,0.4557227936834873,Micron Technology,Information Technology
NCLH,0.0008939493197502222,1.8934137971737768,0.5924484348437228,Norwegian Cruise Line Holdings,Consumer Discretionary
NDAQ,0.0003508974751258606,0.8236064879287234,0.23687018146241248,"Nasdaq, Inc.",Financials
NDSN,-7.795209298893002e-05,0.9424961461461616,0.24906666227458535,Nordson Corporation,Industrials
NEE,-6.338619444061234e-05,0.6535730418264191,0.2833454341288311,NextEra Energy,Utilities
NEM,-0.00025949487357649915,0.507213951906076,0.3595470877410135,Newmont,Materials
NFLX,0.0010356400973457736,1.5109018452300582,0.49047705741112335,Netflix,Communication Services
NI,0.0006128861955819565,0.49890020464373763,0.20912866285114187,NiSource,Utilities
NKE,-0.0007407007194623507,1.142829021601479,0.3435072667820174,"Nike, Inc.",Consumer Discretionary
NOC,0.0004448707694549439,0.2764181180937181,0.24658661263712403,Northrop Grumman,Industrials
NOW,0.0010393951065029799,1.6093263663705946,0.4189446638854594,ServiceNow,Information Technology
NRG,0.0013429253859389447,0.8665860465856575,0.3342458031585659,NRG Energy,Utilities
NSC,-6.413418598328076e-05,0.8344307705877688,0.2651422150920785,Norfolk Southern,Industrials
NTAP,0.0005916999241805796,1.0516017280424117,0.3106740999062312,NetApp,Information Technology
NTRS,0.00010233346094521975,1.0602838204572214,0.30623676215157514,Northern Trust,Financials
NUE,0.00038874252482927826,1.1621079845026314,0.38129050159754985,Nucor,Materials
NVDA,0.0025882820639602784,2.2685157124431026,0.5527097270496577,Nvidia,Information Technology
NVR,0.000624182180550853,1.0218144007917098,0.2818594954029194,"NVR, Inc.",Consumer Discretionary
NWS,0.000585118241416171,1.0299682548973603,0.29005063500963213,News Corp (Class B),Communication Services
NWSA,0.0004563089178520123,1.040952408804394,0.28724133246189965,News Corp (Class A),Communication Services
NXPI,0.000225050327723044,1.5762357121841433,0.3821465534621049,NXP Semiconductors,Information Technology
O,-0.00010662381215130866,0.5116173174166591,0.19821443142124798,Realty Income,Real Estate
ODFL,0.0003049631481276248,1.2397190206919013,0.3631132939965782,Old Dominion,Industrials
OKE,0.0010540965886220621,0.8547906305901181,0.27090672255847703,Oneok,Energy
OMC,0.00048392598681118893,0.8442762867566582,0.2717018919679744,Omnicom Group,Communication Services
ON,0.00039093664033758627,1.9665561821360016,0.5172461626625224,ON Semiconductor,Information Technology
ORCL,0.0011003830500730563,1.008276460812201,0.31020820540595145,Oracle Corporation,Information Technology
ORLY,0.0008177631299903404,0.5255942097888004,0.2332013383804413,O’Reilly Automotive,Consumer Discretionary
OTIS,0.00025837844029877956,0.8341194620856147,0.21568753266608073,Otis Worldwide,Industrials
OXY,0.0009449987487714046,0.682983763841922,0.377951908217197,Occidental Petroleum,Energy
PANW,0.0013142334694071106,1.2516353704116239,0.43684497249338466,Palo Alto Networks,Information Technology
PAYX,0.0002777886594956246,0.9036801884264699,0.23419619573454462,Paychex,Industrials
PCAR,0.0010511102778385307,0.8003338620092391,0.25168289531433763,Paccar,Industrials
PCG,0.000808719494121202,0.6847162581005836,0.26137607050728767,PG&E Corporation,Utilities
PEG,0.0005485523848909953,0.5276136945803446,0.2095135377548537,Public Service Enterprise Group,Utilities
PEP,9.665729658182587e-07,0.38288165103928407,0.1703974025923358,PepsiCo,Consumer Staples
PFE,-0.0007100659963387431,0.4515449374784187,0.2441079448752369,Pfizer,Health Care
PFG,0.00035381384343004637,0.9708770831817998,0.2656657062902605,Principal Financial Group,Financials
PG,0.0001983763986202114,0.3730927653206645,0.17588447355283565,Procter & Gamble,Consumer Staples
PGR,0.001284479082984915,0.45132206828365357,0.2566921242889961,Progressive Corporation,Financials
PH,0.0011464221896966115,1.1385300949244452,0.28237531229642354,Parker Hannifin,Industrials
PHM,0.0011721678144333415,1.2318017185249233,0.3554790723636135,PulteGroup,Consumer Discretionary
PKG,0.0009332872623960698,0.726323866311984,0.24758599292732641,Packaging Corporation of America,Materials
PLD,-0.00031479459536151944,1.0198742086080204,0.2867568364391482,Prologis,Real Estate
PLTR,0.002795670737993282,2.189588018492733,0.6909324774198844,Palantir Technologies,Information Technology
PM,0.0005971622442569136,0.3882852693376127,0.20750371289437355,Philip Morris International,Consumer Staples
PNC,0.000217627775894817,0.9894986658220774,0.28702973809610804,PNC Financial Services,Financials
PNR,0.0006889960298544021,1.121877418616371,0.2911309212356797,Pentair,Industrials
PNW,0.0005334703297563321,0.43091013863517663,0.2146684180699878,Pinnacle West Capital,Utilities
PODD,0.00032740148019138774,1.2202379173222369,0.45323800903495093,Insulet Corporation,Health Care
POOL,-0.00033731374178656197,1.2029709963875765,0.35691814386001425,Pool Corporation,Consumer Discretionary
PPG,-0.000253518596990976,1.0182932491242973,0.2686690649745169,PPG Industries,Materials
PPL,0.0003133075198670662,0.5133198280310081,0.1970862328116568,PPL Corporation,Utilities
PRU,0.0004228303431581357,0.9531493390580714,0.2569521711294416,Prudential Financial,Financials
PSA,5.6436324383980655e-05,0.6895288569540989,0.2516785503356895,Public Storage,Real Estate
PSKY,-0.0007669112070196755,1.2215469096506062,0.5564986544772053,Paramount Skydance Corporation,Communication Services
PSX,0.0008907065682201135,0.6032210993105571,0.3159500408776929,Phillips 66,Energy
PTC,0.0006937484332308389,1.1222995883823343,0.2849196324839596,PTC Inc.,Information Technology
PWR,0.001602178663969453,1.129110885288276,0.3328542622064783,Quanta Services,Industrials
PYPL,-0.0006966164830250012,1.520293495734885,0.4452078525336848,PayPal,Financials
QCOM,0.00014165972038743878,1.5918326039628492,0.3937187538873872,Qualcomm,Information Technology
RCL,0.0018686499379632143,1.650884407777349,0.4857555694174684,Royal Caribbean Group,Consumer Discretionary
REG,0.00023836283957882277,0.8245919315395779,0.2384531174208002,Regency Centers,Real Estate
REGN,0.00031248849264226,0.5863283490472829,0.27039659974561564,Regeneron Pharmaceuticals,Health Care
RF,0.00043702641522727344,1.0672419235040855,0.3316827569413326,Regions Financial Corporation,Financials
RJF,0.0007709320956175934,1.0212092328970874,0.2901658221939114,Raymond James Financial,Financials
RL,0.0012068941828896694,1.2192392022554062,0.357286929436741,Ralph Lauren Corporation,Consumer Discretionary
RMD,0.00010322241311498404,0.8933789005225398,0.34371337422342363,ResMed,Health Care
ROK,5.696394245816707e-05,1.1706554074779794,0.32565870476835224,Rockwell Automation,Industrials
ROL,0.0006018377547222826,0.5635896950138044,0.24777289207015327,"Rollins, Inc.",Industrials
ROP,0.0002245124920259885,0.7899449428174585,0.20254665569054164,Roper Technologies,Information Technology
ROST,0.0006295073835540951,0.9785556877821109,0.31154682083492796,Ross Stores,Consumer Discretionary
RSG,0.000638409359431254,0.48162511561332183,0.1780416116785753,Republic Services,Industrials
RTX,0.0005792460549623103,0.5602106066925916,0.22797764648735597,RTX Corporation,Industrials
RVTY,-0.0004994503287255073,1.0419269459307814,0.32774297044527934,Revvity,Health Care
SATS,0.00043741542805441854,0.9391886366612948,0.569936758315433,EchoStar,Communication Services
SBAC,-0.0005954975516289818,0.7893817866485757,0.2980621711155662,SBA Communications,Real Estate
SBUX,-2.699697929125051e-05,0.9885983431734509,0.326385672281734,Starbucks,Consumer Discretionary
SCHW,0.00010956968405546369,0.9649890710819302,0.3531240814991987,Charles Schwab Corporation,Financials
SHW,0.00019501161938784785,0.895976314241274,0.2794084226207871,Sherwin-Williams,Materials
SJM,-6.487340864544344e-05,0.19658913574451384,0.2199939200428699,J.M. Smucker Company (The),Consumer Staples
SLB,0.0006148596349493476,0.6936473192164043,0.3787147831214429,Schlumberger,Energy
SMCI,0.004105998213394317,1.855255335378111,0.9019571764414044,Supermicro,Information Technology
SNA,0.000835787853081054,0.791737697541475,0.2391134517119274,Snap-on,Industrials
SNPS,0.0006504257917753991,1.4546478424965819,0.3604434600409849,Synopsys,Information Technology
SO,0.0004800190803616047,0.37587194713391553,0.19607717441659278,Southern Company,Utilities
SPG,0.00046739434508047894,0.9813049328450435,0.2678564155536024,Simon Property Group,Real Estate
SPGI,0.00024778714555956946,0.9533094584655618,0.23590656285397535,S&P Global,Financials
SRE,0.0005879989334516951,0.5136280956763483,0.2075313036967449,Sempra,Utilities
STE,-3.483399410938959e-05,0.8262121320720636,0.2723491273316601,Steris,Health Care
STLD,0.0011735648976272369,1.1204396369443697,0.3842898229297664,Steel Dynamics,Materials
STT,0.0003787700508290222,1.1555321307646498,0.3160920101883466,State Street Corporation,Financials
STX,5.459923971680849e-05,1.236648139248313,0.3651313412110415,Seagate Technology,Information Technology
STZ,-3.0905853682151374e-05,0.5346325650514252,0.2121232175105155,Constellation Brands,Consumer Staples
SW,0.0005138878527435393,0.535427471764727,0.48166372663526846,Smurfit Westrock,Materials
SWK,-0.0007098431435757922,1.1483643769814125,0.3668532554389633,Stanley Black & Decker,Industrials
SWKS,-0.0004084470371585335,1.5112643966227053,0.3706080957460395,Skyworks Solutions,Information Technology
SYF,0.0008107081314415518,1.3021006659059347,0.37598173682746017,Synchrony Financial,Financials
SYK,0.0005577904443598293,0.8936753421494571,0.25030104783563256,Stryker Corporation,Health Care
SYY,0.00016153309908008122,0.670880996059849,0.22493527824485937,Sysco,Consumer Staples
T,0.0006131181425975142,0.37921343641706834,0.2506811293945943,AT&T,Communication Services
TAP,0.0004945931878413139,0.47086377949673375,0.2496404545580029,Molson Coors Beverage Company,Consumer Staples
TDG,0.0012120136232668382,1.08907303699479,0.2740499617464282,TransDigm Group,Industrials
TDY,0.00018392948303323022,0.8961474664583553,0.24471898892644936,Teledyne Technologies,Information Technology
TECH,-0.0004180011777077188,1.16809768048895,0.36734472392852835,Bio-Techne,Health Care
TEL,4.250426914791356e-05,1.1397689228616936,0.2575629625508825,TE Connectivity,Information Technology
TER,3.651170510782216e-05,1.7633069676153796,0.43824320925076404,Teradyne,Information Technology
TFC,1.9331457578244596e-06,1.1061520090254304,0.3441854176728281,Truist Financial,Financials
TGT,-0.0003022829536385931,1.00907918035731,0.38611802814267165,Target Corporation,Consumer Staples
TJX,0.0007950171855734843,0.785153557425265,0.23359638958875706,TJX Companies,Consumer Discretionary
TKO,0.0016710013379848275,0.543684042548393,0.32972091813371046,TKO Group Holdings,Communication Services
TMO,-0.00014721139329997658,0.9045670445006933,0.254780055315241,Thermo Fisher Scientific,Health Care
TMUS,0.000999411622326747,0.564352588777735,0.2251022574086837,T-Mobile US,Communication Services
TPL,0.0017336887348939315,0.8373051803531714,0.4506663190086231,Texas Pacific Land Corporation,Energy
TPR,0.0010643343391224145,1.237986099027383,0.3974046497925908,"Tapestry, Inc.",Consumer Discretionary
TRGP,0.0018922114704327847,0.8839218596589916,0.3110184456608689,Targa Resources,Energy
TRMB,-3.3504328737116084e-05,1.4077541300430592,0.3470090914693394,Trimble Inc.,Information Technology
TROW,-0.00034038304003938786,1.4264562147836635,0.3255375237176,T. Rowe Price,Financials
TRV,0.0007617235645977377,0.4623294076344945,0.22392825344559836,Travelers Companies (The),Financials
TSCO,0.00039194932747768684,0.8562357311834593,0.2854297124702237,Tractor Supply,Consumer Discretionary
TSLA,0.0007548441559422836,1.957041181744482,0.6130379418250761,"Tesla, Inc.",Consumer Discretionary
TSN,-0.0003087370178578093,0.43971873320162563,0.25594194189096703,Tyson Foods,Consumer Staples
TT,0.0010528514070865817,1.0169943680999936,0.2707509114608667,Trane Technologies,Industrials
TTD,0.0011564889463110566,2.237122962451286,0.6476654012244775,Trade Desk (The),Communication Services
TTWO,0.0002599768021573665,0.9223973575088259,0.3323561914019404,Take-Two Interactive,Communication Services
TXN,0.0002486222218240477,1.1605590426323023,0.27964930553010187,Texas Instruments,Information Technology
TXT,0.000154786111716925,1.039770563636436,0.27352057046748524,Textron,Industrials
TYL,0.00032536941208019104,1.1906542028213547,0.31654365903918613,Tyler Technologies,Information Technology
UAL,0.0014228661885002847,1.3919309416571406,0.4576725673260778,United Airlines Holdings,Industrials
UBER,0.0008820210022731568,1.4963337173855267,0.48460413153041254,Uber,Industrials
UDR,-0.0001614059044194025,0.776195149920123,0.23955258046537023,"UDR, Inc.",Real Estate
UHS,0.0006295609285294734,0.8683386297645442,0.3165742830950919,Universal Health Services,Health Care
ULTA,0.00028790270903850985,0.8888020520659052,0.3320314991759292,Ulta Beauty,Consumer Discretionary
UNH,0.00018519328863188142,0.4380618488124498,0.2440551781782949,UnitedHealth Group,Health Care
UNP,8.814194605960793e-05,0.6944648824570856,0.23241902295456465,Union Pacific Corporation,Industrials
UPS,-0.000392269843510805,0.8776833989239975,0.2743632463223929,United Parcel Service,Industrials
URI,0.001327742117994664,1.4326786300364833,0.3836898085464316,United Rentals,Industrials
USB,0.00015215366477555023,0.9811239944697987,0.3213619723242887,U.S. Bancorp,Financials
V,0.0006012041265793179,0.866665053785812,0.22215029280323478,Visa Inc.,Financials
VICI,0.00026953800013598697,0.7152121887114148,0.21826247177940633,Vici Properties,Real Estate
VLO,0.0010048927078923295,0.610629675818609,0.36235604285170886,Valero Energy,Energy
VMC,0.0004529148172897402,1.0156477451244195,0.26271655772520236,Vulcan Materials Company,Materials
VRSK,0.000415426164978379,0.7096354336384288,0.22574986979030207,Verisk Analytics,Industrials
VRSN,-0.0001342632223191377,0.9423625695228665,0.2529999553983894,Verisign,Information Technology
VRT,0.00285665232462622,2.060915009779086,0.6298263673526634,Vertiv,Industrials
VRTX,0.0009365406656410059,0.6391455183422897,0.2727671425772775,Vertex Pharmaceuticals,Health Care
VST,0.002836553912298961,1.0039866257752645,0.4193514823545996,Vistra Corp.,Utilities
VTR,0.000451742567877121,0.6976906117578208,0.26346599551883687,Ventas,Real Estate
VTRS,0.0002220686512266483,0.7675249243954575,0.333653197025563,Viatris,Health Care
VZ,-1.0976731747691411e-05,0.3247794045937808,0.2228327478876453,Verizon,Communication Services
WAB,0.0011078133456093491,0.9716852341248657,0.2529240096901456,Wabtec,Industrials
WAT,0.00023255614131768425,0.9876104468449197,0.32740478105977366,Waters Corporation,Health Care
WBD,-0.0005436677612935284,1.347002882090456,0.5571467929287612,Warner Bros. Discovery,Communication Services
WDAY,0.00027327825248214517,1.3492755504252338,0.3919592379043671,"Workday, Inc.",Information Technology
WDC,0.0002109356064277638,1.439822361456778,0.41774451395810347,Western Digital,Information Technology
WEC,0.00018992269780577847,0.37776571932397335,0.20117027331788123,WEC Energy Group,Utilities
WELL,0.0007415170349765277,0.6304206130816299,0.24001739800753363,Welltower,Real Estate
WFC,0.000718217557681155,0.9680278392969589,0.30110933054731126,Wells Fargo,Financials
WM,0.00041955036544515263,0.4288102555211321,0.18770597717627677,Waste Management,Industrials
WMB,0.0012525154434969176,0.6022212774770176,0.2290728933643489,Williams Companies,Energy
WMT,0.0009773679242795928,0.40796964119105866,0.20626713685957154,Walmart,Consumer Staples
WRB,0.0008354611197691576,0.4686726988515631,0.22994927109195673,W. R. Berkley Corporation,Financials
WSM,0.0015795948321088798,1.4220718005587034,0.4807246427051641,"Williams-Sonoma, Inc.",Consumer Discretionary
WST,-0.00012569099919431163,1.063995487234864,0.37130430694216593,West Pharmaceutical Services,Health Care
WTW,0.000532933451060614,0.6670936917504036,0.2224092872320081,Willis Towers Watson,Financials
WY,-0.00017219953612324917,0.9267053836324938,0.2593350838327199,Weyerhaeuser,Real Estate
WYNN,0.0003512187318134639,1.2293478138244882,0.42176617618681556,Wynn Resorts,Consumer Discretionary
XEL,0.00020410214905527244,0.39535769933845805,0.21496425682352438,Xcel Energy,Utilities
XOM,0.0009884473999470873,0.465127022057595,0.2722539301040524,ExxonMobil,Energy
XYL,0.0001872470331559548,1.0677013011391414,0.27268478123417755,Xylem Inc.,Industrials
XYZ,-3.373741519189696e-05,2.5447844213264865,0.6538248431311217,"Block, Inc.",Financials
YUM,0.00012567435560892923,0.6334097786598938,0.19133514439263624,Yum! Brands,Consumer Discretionary
ZBH,-7.570050824816982e-05,0.7365024467970708,0.24515682114238924,Zimmer Biomet,Health Care
ZBRA,-0.0002282732810674201,1.5001893782684321,0.40005015705222824,Zebra Technologies,Information Technology
ZTS,-0.0002962229727560717,0.9166112536455736,0.2750156632607702,Zoetis,Health Care
